{
  "time_slides": 499.235999584198,
  "token_slides": 0,
  "time_script": 228.75254154205322,
  "token_script": 0,
  "time_assessment": 243.24209237098694,
  "token_assessment": 0
}