{
  "time_slides": 269.3526060581207,
  "token_slides": 0,
  "time_script": 201.25746822357178,
  "token_script": 0,
  "time_assessment": 124.78710317611694,
  "token_assessment": 0
}