{
  "time_slides": 88.86082983016968,
  "token_slides": 0,
  "time_script": 71.45171737670898,
  "token_script": 0,
  "time_assessment": 48.25865387916565,
  "token_assessment": 0
}