{
  "time_slides": 533.7323033809662,
  "token_slides": 0,
  "time_script": 264.2133207321167,
  "token_script": 0,
  "time_assessment": 266.26795744895935,
  "token_assessment": 0
}