{
  "time_slides": 210.43228149414062,
  "token_slides": 0,
  "time_script": 175.47899508476257,
  "token_script": 0,
  "time_assessment": 115.75880146026611,
  "token_assessment": 0
}