{
  "time_slides": 576.556548833847,
  "token_slides": 0,
  "time_script": 251.29037618637085,
  "token_script": 0,
  "time_assessment": 284.6878807544708,
  "token_assessment": 0
}