{
  "time_slides": 495.6533885002136,
  "token_slides": 0,
  "time_script": 291.9321162700653,
  "token_script": 0,
  "time_assessment": 270.5620291233063,
  "token_assessment": 0
}