{
  "time_slides": 276.8239493370056,
  "token_slides": 0,
  "time_script": 209.48448038101196,
  "token_script": 0,
  "time_assessment": 153.15464687347412,
  "token_assessment": 0
}