{
  "time_slides": 546.5967099666595,
  "token_slides": 0,
  "time_script": 262.00870966911316,
  "token_script": 0,
  "time_assessment": 251.59015083312988,
  "token_assessment": 0
}