{
  "time_slides": 288.3335065841675,
  "token_slides": 0,
  "time_script": 222.01746940612793,
  "token_script": 0,
  "time_assessment": 142.56437230110168,
  "token_assessment": 0
}