{
  "time_slides": 248.60710740089417,
  "token_slides": 0,
  "time_script": 186.64111232757568,
  "token_script": 0,
  "time_assessment": 130.59563374519348,
  "token_assessment": 0
}