{
  "time_slides": 94.60878539085388,
  "token_slides": 0,
  "time_script": 74.71691632270813,
  "token_script": 0,
  "time_assessment": 55.18788266181946,
  "token_assessment": 0
}