{
  "time_slides": 310.91156029701233,
  "token_slides": 0,
  "time_script": 209.91895484924316,
  "token_script": 0,
  "time_assessment": 175.92536664009094,
  "token_assessment": 0
}