{
  "time_slides": 549.5479218959808,
  "token_slides": 0,
  "time_script": 295.23675179481506,
  "token_script": 0,
  "time_assessment": 266.671270608902,
  "token_assessment": 0
}