{
  "time_slides": 276.46243691444397,
  "token_slides": 0,
  "time_script": 231.12878036499023,
  "token_script": 0,
  "time_assessment": 160.6783537864685,
  "token_assessment": 0
}