{
  "time_slides": 365.123494386673,
  "token_slides": 0,
  "time_script": 254.62103152275085,
  "token_script": 0,
  "time_assessment": 177.79592156410217,
  "token_assessment": 0
}