{
  "time_slides": 209.77597498893738,
  "token_slides": 0,
  "time_script": 173.72488689422607,
  "token_script": 0,
  "time_assessment": 108.1338107585907,
  "token_assessment": 0
}