{
  "time_slides": 509.9512357711792,
  "token_slides": 0,
  "time_script": 285.62645196914673,
  "token_script": 0,
  "time_assessment": 261.2736337184906,
  "token_assessment": 0
}