{
  "time_slides": 410.52878427505493,
  "token_slides": 0,
  "time_script": 301.80049753189087,
  "token_script": 0,
  "time_assessment": 185.666836977005,
  "token_assessment": 0
}