{
  "time_slides": 221.70877623558044,
  "token_slides": 0,
  "time_script": 189.4044508934021,
  "token_script": 0,
  "time_assessment": 119.93489480018616,
  "token_assessment": 0
}