{
  "time_slides": 326.40894198417664,
  "token_slides": 0,
  "time_script": 263.6373770236969,
  "token_script": 0,
  "time_assessment": 156.7084584236145,
  "token_assessment": 0
}