{
  "time_slides": 97.50583553314209,
  "token_slides": 0,
  "time_script": 70.664626121521,
  "token_script": 0,
  "time_assessment": 61.19767236709595,
  "token_assessment": 0
}