{
  "time_slides": 102.06789946556091,
  "token_slides": 0,
  "time_script": 74.94076919555664,
  "token_script": 0,
  "time_assessment": 52.24676823616028,
  "token_assessment": 0
}