{
  "time_slides": 529.3513512611389,
  "token_slides": 0,
  "time_script": 268.3007378578186,
  "token_script": 0,
  "time_assessment": 232.3769931793213,
  "token_assessment": 0
}