{
  "time_slides": 594.0803072452545,
  "token_slides": 0,
  "time_script": 261.65688133239746,
  "token_script": 0,
  "time_assessment": 288.0176956653595,
  "token_assessment": 0
}