{
  "time_slides": 569.83349609375,
  "token_slides": 0,
  "time_script": 242.20786881446838,
  "token_script": 0,
  "time_assessment": 272.6907036304474,
  "token_assessment": 0
}